{
  "openapi": "3.0.0",
  "info": {
    "version": "1.0.0",
    "title": " Roxiler Systems Application",
    "description": " Roxiler Systems Application"
  },
  "servers": [
    {
      "url": "https://roxciler-systems-assement.onrender.com",
      "description": "Production server"
    },
    {
      "url": "http://localhost:8000",
      "description": "Local server"
    }
  ],
  "paths": {
    "/api/v1/product/initialize-seed-data": {
      "get": {
        "tags": [
          "Products "
        ],
        "description": "",
        "responses": {
          "200": {
            "description": "OK"
          }
        }
      }
    },
    "/api/v1/product/": {
      "get": {
        "tags": [
          "Products "
        ],
        "description": "",
        "responses": {
          "200": {
            "description": "OK"
          }
        }
      }
    },
    "/api/v1/product/search": {
      "get": {
        "tags": [
          "Products "
        ],
        "description": "",
        "parameters": [
          {
            "name": "page",
            "in": "query",
            "schema": {
              "type": "string"
            }
          }
        ],
        "responses": {
          "200": {
            "description": "OK"
          }
        }
      }
    },
    "/api/v1/analytics/statistics": {
      "get": {
        "tags": [
          "statistics"
        ],
        "description": "",
        "parameters": [
          {
            "name": "month",
            "in": "query",
            "schema": {
              "type": "string"
            }
          }
        ],
        "responses": {
          "200": {
            "description": "OK"
          },
          "400": {
            "description": "Bad Request"
          }
        }
      }
    },
    "/api/v1/analytics/bar-chart": {
      "get": {
        "tags": [
          "statistics"
        ],
        "description": "",
        "parameters": [
          {
            "name": "month",
            "in": "query",
            "schema": {
              "type": "string"
            }
          }
        ],
        "responses": {
          "200": {
            "description": "OK"
          }
        }
      }
    },
    "/api/v1/analytics/pie-chart": {
      "get": {
        "tags": [
          "statistics"
        ],
        "description": "",
        "parameters": [
          {
            "name": "month",
            "in": "query",
            "schema": {
              "type": "string"
            }
          }
        ],
        "responses": {
          "200": {
            "description": "OK"
          }
        }
      }
    },
    "/api/v1/analytics/combined-chart": {
      "get": {
        "tags": [
          "statistics"
        ],
        "description": "",
        "parameters": [
          {
            "name": "month",
            "in": "query",
            "schema": {
              "type": "string"
            }
          }
        ],
        "responses": {
          "200": {
            "description": "OK"
          }
        }
      }
    }
  }
}